PROJECT_NAME,CLIENT,MATERIAL,QUANTITY,UNIT_COST,TOTAL_COST,CALCULATED_TOTAL,COST_DIFFERENCE,CATEGORY,TYPE,GROUP_NAME,DIMENSIONS,THICKNESS,WIDTH,LENGTH,VOLUME,PRODUCT_TYPE,PROJECT_ID
Puerta en Parota,Client 001,TABLA 1X6X8 PAROTA,8.0,720.0,5760.0,5760.0,0.0,TABLAS,BOARD,RAW_MATERIAL,1X6X8,1.0,6.0,8.0,48.0,DOOR,P024
Puerta en Parota,Client 001,TABLA 1X8X8 PAROTA,20.0,650.0,13000.0,13000.0,0.0,TABLAS,BOARD,RAW_MATERIAL,1X8X8,1.0,8.0,8.0,64.0,DOOR,P024
Puerta en Parota,Client 001,BARNIZ EXTERIOR,2.0,350.0,700.0,700.0,0.0,SOLVENTE,VARNISH,FINISHING,,,,,,DOOR,P024
Puerta en Parota,Client 001,FONDO SELLADOR,2.0,300.0,600.0,600.0,0.0,SOLVENTE,SEALER,FINISHING,,,,,,DOOR,P024
Puerta en Parota,Client 001,LIJAS,20.0,20.0,400.0,400.0,0.0,LIJAS,SANDPAPER,FINISHING,,,,,,DOOR,P024
Puerta en Parota,Client 001,BISAGRA PIVOTANTE,1.0,850.0,850.0,850.0,0.0,FERRETERIA,HINGE,HARDWARE,,,,,,DOOR,P024
Puerta en Parota,Client 001,BOLSA DE PIJAS,4.0,50.0,200.0,200.0,0.0,FERRETERIA,BAG,HARDWARE,,,,,,DOOR,P024
Puerta en Parota,Client 001,LITRO DE RESISTOL,1.0,120.0,120.0,120.0,0.0,FERRETERIA,LITER,HARDWARE,,,,,,DOOR,P024
Puerta en Parota,Client 001,TINNHER,6.0,50.0,300.0,300.0,0.0,SOLVENTE,THINNER,FINISHING,,,,,,DOOR,P024
Puerta en Parota,Client 001,ESTOPA,1.0,40.0,40.0,40.0,0.0,FERRETERIA,COTTON_WASTE,HARDWARE,,,,,,DOOR,P024
Puerta en Parota,Client 001,PROPINAS,2.0,50.0,100.0,100.0,0.0,OTRO,TIPS,SERVICE,,,,,,DOOR,P024
Puerta en Encino,Client 001,TABLA 1X6X8  ENCINO,8.0,380.0,3040.0,3040.0,0.0,TABLAS,BOARD,RAW_MATERIAL,1X6X8,1.0,6.0,8.0,48.0,DOOR,P022
Puerta en Encino,Client 001,TABLA 1X8X8 ENCINO,20.0,550.0,11000.0,11000.0,0.0,TABLAS,BOARD,RAW_MATERIAL,1X8X8,1.0,8.0,8.0,64.0,DOOR,P022
Puerta en Encino,Client 001,BARNIZ EXTERIOR,2.0,350.0,700.0,700.0,0.0,SOLVENTE,VARNISH,FINISHING,,,,,,DOOR,P022
Puerta en Encino,Client 001,FONDO SELLADOR,2.0,300.0,600.0,600.0,0.0,SOLVENTE,SEALER,FINISHING,,,,,,DOOR,P022
Puerta en Encino,Client 001,LIJAS,20.0,20.0,400.0,400.0,0.0,LIJAS,SANDPAPER,FINISHING,,,,,,DOOR,P022
Puerta en Encino,Client 001,BISAGRA PIVOTANTE,1.0,850.0,850.0,850.0,0.0,FERRETERIA,HINGE,HARDWARE,,,,,,DOOR,P022
Puerta en Encino,Client 001,BOLSA DE PIJAS,4.0,50.0,200.0,200.0,0.0,FERRETERIA,BAG,HARDWARE,,,,,,DOOR,P022
Puerta en Encino,Client 001,LITRO DE RESISTOL,1.0,120.0,120.0,120.0,0.0,FERRETERIA,LITER,HARDWARE,,,,,,DOOR,P022
Puerta en Encino,Client 001,TINNHER,6.0,50.0,300.0,300.0,0.0,SOLVENTE,THINNER,FINISHING,,,,,,DOOR,P022
Puerta en Encino,Client 001,ESTOPA,1.0,40.0,40.0,40.0,0.0,FERRETERIA,COTTON_WASTE,HARDWARE,,,,,,DOOR,P022
Puerta en Encino,Client 001,PROPINAS,2.0,50.0,100.0,100.0,0.0,OTRO,TIPS,SERVICE,,,,,,DOOR,P022
Puerta en Nogal,Client 001,TABLA 1X6X8  NOGAL AMERICANO,8.0,800.0,6400.0,6400.0,0.0,TABLAS,BOARD,RAW_MATERIAL,1X6X8,1.0,6.0,8.0,48.0,DOOR,P023
Puerta en Nogal,Client 001,TABLA 1X8X8 NOGAL AMERICANO,20.0,1100.0,22000.0,22000.0,0.0,TABLAS,BOARD,RAW_MATERIAL,1X8X8,1.0,8.0,8.0,64.0,DOOR,P023
Puerta en Nogal,Client 001,BARNIZ EXTERIOR,2.0,350.0,700.0,700.0,0.0,SOLVENTE,VARNISH,FINISHING,,,,,,DOOR,P023
Puerta en Nogal,Client 001,FONDO SELLADOR,2.0,300.0,600.0,600.0,0.0,SOLVENTE,SEALER,FINISHING,,,,,,DOOR,P023
Puerta en Nogal,Client 001,LIJAS,20.0,20.0,400.0,400.0,0.0,LIJAS,SANDPAPER,FINISHING,,,,,,DOOR,P023
Puerta en Nogal,Client 001,BISAGRA PIVOTANTE,1.0,850.0,850.0,850.0,0.0,FERRETERIA,HINGE,HARDWARE,,,,,,DOOR,P023
Puerta en Nogal,Client 001,BOLSA DE PIJAS,4.0,50.0,200.0,200.0,0.0,FERRETERIA,BAG,HARDWARE,,,,,,DOOR,P023
Puerta en Nogal,Client 001,LITRO DE RESISTOL,1.0,120.0,120.0,120.0,0.0,FERRETERIA,LITER,HARDWARE,,,,,,DOOR,P023
Puerta en Nogal,Client 001,TINNHER,6.0,50.0,300.0,300.0,0.0,SOLVENTE,THINNER,FINISHING,,,,,,DOOR,P023
Puerta en Nogal,Client 001,ESTOPA,1.0,40.0,40.0,40.0,0.0,FERRETERIA,COTTON_WASTE,HARDWARE,,,,,,DOOR,P023
Puerta en Nogal,Client 001,PROPINAS,2.0,50.0,100.0,100.0,0.0,OTRO,TIPS,SERVICE,,,,,,DOOR,P023
Puerta en Pino Estufado,Client 001,TABLA 1.5X8X8  PINO,8.0,450.0,3600.0,3600.0,0.0,TABLAS,BOARD,RAW_MATERIAL,5X8X8,5.0,8.0,8.0,320.0,DOOR,P025
Puerta en Pino Estufado,Client 001,TABLA 3/4X8X8 PINO,20.0,250.0,5000.0,5000.0,0.0,TABLAS,BOARD,RAW_MATERIAL,3/4X8X8,0.75,8.0,8.0,48.0,DOOR,P025
Puerta en Pino Estufado,Client 001,BARNIZ EXTERIOR,2.0,350.0,700.0,700.0,0.0,SOLVENTE,VARNISH,FINISHING,,,,,,DOOR,P025
Puerta en Pino Estufado,Client 001,FONDO SELLADOR,2.0,300.0,600.0,600.0,0.0,SOLVENTE,SEALER,FINISHING,,,,,,DOOR,P025
Puerta en Pino Estufado,Client 001,LIJAS,20.0,20.0,400.0,400.0,0.0,LIJAS,SANDPAPER,FINISHING,,,,,,DOOR,P025
Puerta en Pino Estufado,Client 001,BISAGRA PIVOTANTE,1.0,850.0,850.0,850.0,0.0,FERRETERIA,HINGE,HARDWARE,,,,,,DOOR,P025
Puerta en Pino Estufado,Client 001,BOLSA DE PIJAS,4.0,50.0,200.0,200.0,0.0,FERRETERIA,BAG,HARDWARE,,,,,,DOOR,P025
Puerta en Pino Estufado,Client 001,LITRO DE RESISTOL,1.0,120.0,120.0,120.0,0.0,FERRETERIA,LITER,HARDWARE,,,,,,DOOR,P025
Puerta en Pino Estufado,Client 001,TINNHER,6.0,50.0,300.0,300.0,0.0,SOLVENTE,THINNER,FINISHING,,,,,,DOOR,P025
Puerta en Pino Estufado,Client 001,ESTOPA,1.0,40.0,40.0,40.0,0.0,FERRETERIA,COTTON_WASTE,HARDWARE,,,,,,DOOR,P025
Puerta en Pino Estufado,Client 001,TINTA,2.0,150.0,300.0,300.0,0.0,TINTA,STAIN,FINISHING,,,,,,DOOR,P025
Puerta en Pino Estufado,Client 001,PROPINAS,2.0,50.0,100.0,100.0,0.0,OTRO,TIPS,SERVICE,,,,,,DOOR,P025
3 Mesa redonda,Client 002,BARROTES,4.0,250.0,1000.0,1000.0,0.0,OTRO,WOOD_STUDS,SERVICE,,,,,,TABLE,P002
3 Mesa redonda,Client 002,TRIPLAY DE PINO,3.0,750.0,2250.0,2250.0,0.0,ENCHAPADOS,PLYWOOD,RAW_MATERIAL,,,,,,TABLE,P002
3 Mesa redonda,Client 002,TABLA 1 1/2 X8X8,4.0,350.0,1400.0,1400.0,0.0,TABLAS,BOARD,RAW_MATERIAL,11/2X8X8,5.5,8.0,8.0,352.0,TABLE,P002
3 Mesa redonda,Client 002,TABLA 3/4X8X8,4.0,200.0,800.0,800.0,0.0,TABLAS,BOARD,RAW_MATERIAL,3/4X8X8,0.75,8.0,8.0,48.0,TABLE,P002
3 Mesa redonda,Client 002,BARNIZ EXTERIOR,2.0,350.0,700.0,700.0,0.0,SOLVENTE,VARNISH,FINISHING,,,,,,TABLE,P002
3 Mesa redonda,Client 002,FONDO SELLADOR,1.0,300.0,300.0,300.0,0.0,SOLVENTE,SEALER,FINISHING,,,,,,TABLE,P002
3 Mesa redonda,Client 002,LIJAS,20.0,20.0,400.0,400.0,0.0,LIJAS,SANDPAPER,FINISHING,,,,,,TABLE,P002
3 Mesa redonda,Client 002,BOLSA DE PIJAS,4.0,50.0,200.0,200.0,0.0,FERRETERIA,BAG,HARDWARE,,,,,,TABLE,P002
3 Mesa redonda,Client 002,LITRO DE RESISTOL,1.0,120.0,120.0,120.0,0.0,FERRETERIA,LITER,HARDWARE,,,,,,TABLE,P002
3 Mesa redonda,Client 002,TINNHER,6.0,50.0,300.0,300.0,0.0,SOLVENTE,THINNER,FINISHING,,,,,,TABLE,P002
3 Mesa redonda,Client 002,ESTOPA,1.0,40.0,40.0,40.0,0.0,FERRETERIA,COTTON_WASTE,HARDWARE,,,,,,TABLE,P002
3 Mesa redonda,Client 002,TAPACANTO,20.0,8.0,160.0,160.0,0.0,TERMINACION,EDGE_BANDING,FINISHING,,,,,,TABLE,P002
3 Mesa redonda,Client 002,PROPINAS,2.0,50.0,100.0,100.0,0.0,OTRO,TIPS,SERVICE,,,,,,TABLE,P002
Mesa Común,Client 002,TRIPLAY DE PINO,1.0,750.0,750.0,750.0,0.0,ENCHAPADOS,PLYWOOD,RAW_MATERIAL,,,,,,TABLE,P017
Mesa Común,Client 002,TABLA 1 1/2 X8X8,2.0,350.0,700.0,700.0,0.0,TABLAS,BOARD,RAW_MATERIAL,11/2X8X8,5.5,8.0,8.0,352.0,TABLE,P017
Mesa Común,Client 002,TABLA 3/4X8X8,2.0,200.0,400.0,400.0,0.0,TABLAS,BOARD,RAW_MATERIAL,3/4X8X8,0.75,8.0,8.0,48.0,TABLE,P017
Mesa Común,Client 002,BARNIZ EXTERIOR,1.0,350.0,350.0,350.0,0.0,SOLVENTE,VARNISH,FINISHING,,,,,,TABLE,P017
Mesa Común,Client 002,FONDO SELLADOR,0.5,300.0,150.0,150.0,0.0,SOLVENTE,SEALER,FINISHING,,,,,,TABLE,P017
Mesa Común,Client 002,LIJAS,6.0,20.0,120.0,120.0,0.0,LIJAS,SANDPAPER,FINISHING,,,,,,TABLE,P017
Mesa Común,Client 002,BOLSA DE PIJAS,3.0,50.0,150.0,150.0,0.0,FERRETERIA,BAG,HARDWARE,,,,,,TABLE,P017
Mesa Común,Client 002,LITRO DE RESISTOL,0.5,120.0,60.0,60.0,0.0,FERRETERIA,LITER,HARDWARE,,,,,,TABLE,P017
Mesa Común,Client 002,TINNHER,3.0,50.0,150.0,150.0,0.0,SOLVENTE,THINNER,FINISHING,,,,,,TABLE,P017
Mesa Común,Client 002,RESANADOR,0.25,160.0,40.0,40.0,0.0,TERMINACION,WOOD_FILLER,FINISHING,,,,,,TABLE,P017
Mesa Común,Client 002,TAPACANTO,8.0,8.0,64.0,64.0,0.0,TERMINACION,EDGE_BANDING,FINISHING,,,,,,TABLE,P017
Mesa Común,Client 002,PROPINAS,2.0,50.0,100.0,100.0,0.0,OTRO,TIPS,SERVICE,,,,,,TABLE,P017
Pintura puertas y ventanas,Client 002,ESMALTE ACAPULCO,4.0,350.0,1400.0,1400.0,0.0,SOLVENTE,ENAMEL,FINISHING,,,,,,RENEWAL,P020
Pintura puertas y ventanas,Client 002,TINNHER,6.0,50.0,300.0,300.0,0.0,SOLVENTE,THINNER,FINISHING,,,,,,RENEWAL,P020
Pintura puertas y ventanas,Client 002,PLASTICO,3.0,30.0,90.0,90.0,0.0,OTRO,PLASTIC,SERVICE,,,,,,RENEWAL,P020
Pintura puertas y ventanas,Client 002,MASKING,3.0,50.0,150.0,150.0,0.0,OTRO,MASKING_TAPE,SERVICE,,,,,,RENEWAL,P020
Pintura puertas y ventanas,Client 002,KG PERIODICO,1.0,40.0,40.0,40.0,0.0,OTRO,KG,SERVICE,,,,,,RENEWAL,P020
Pintura puertas y ventanas,Client 002,ESTOPA,1.0,40.0,40.0,40.0,0.0,FERRETERIA,COTTON_WASTE,HARDWARE,,,,,,RENEWAL,P020
Pintura puertas y ventanas,Client 002,CUBETA,1.0,20.0,20.0,20.0,0.0,OTRO,BUCKET,SERVICE,,,,,,RENEWAL,P020
Librero Grande,Client 002,TRIPLAY 15MM,23.0,1350.0,31050.0,31050.0,0.0,ENCHAPADOS,PLYWOOD,RAW_MATERIAL,,,,,,BOOKSELLER,P013
Librero Grande,Client 002,TABLA DE PINO,7.0,200.0,1400.0,1400.0,0.0,TABLAS,BOARD,RAW_MATERIAL,,,,,,BOOKSELLER,P013
Librero Grande,Client 002,TRIPLAY 6MM,5.0,450.0,2250.0,2250.0,0.0,ENCHAPADOS,PLYWOOD,RAW_MATERIAL,,,,,,BOOKSELLER,P013
Librero Grande,Client 002,BISAGRAS BIDIMENSIONAL,20.0,25.0,500.0,500.0,0.0,FERRETERIA,HINGES,HARDWARE,,,,,,BOOKSELLER,P013
Librero Grande,Client 002,CHAPA DE CAJON,15.0,25.0,375.0,375.0,0.0,FERRETERIA,LOCKSET,HARDWARE,,,,,,BOOKSELLER,P013
Librero Grande,Client 002,SOPORTE DE ENTREPAÑO,400.0,2.0,800.0,800.0,0.0,FERRETERIA,SUPPORT,HARDWARE,,,,,,BOOKSELLER,P013
Librero Grande,Client 002,BOLSA DE PIJAS,10.0,50.0,500.0,500.0,0.0,FERRETERIA,BAG,HARDWARE,,,,,,BOOKSELLER,P013
Librero Grande,Client 002,JALADERAS,15.0,36.0,540.0,540.0,0.0,FERRETERIA,PULL_HANDLES,HARDWARE,,,,,,BOOKSELLER,P013
Librero Grande,Client 002,BARNIZ,6.0,320.0,1920.0,1920.0,0.0,SOLVENTE,VARNISH,FINISHING,,,,,,BOOKSELLER,P013
Librero Grande,Client 002,FONDO,4.0,200.0,800.0,800.0,0.0,SOLVENTE,SEALER,FINISHING,,,,,,BOOKSELLER,P013
Librero Grande,Client 002,TINNHER,12.0,35.0,420.0,420.0,0.0,SOLVENTE,THINNER,FINISHING,,,,,,BOOKSELLER,P013
Librero Grande,Client 002,ESTOPA,1.0,120.0,120.0,120.0,0.0,FERRETERIA,COTTON_WASTE,HARDWARE,,,,,,BOOKSELLER,P013
Librero Grande,Client 002,LIJAS,50.0,15.0,750.0,750.0,0.0,LIJAS,SANDPAPER,FINISHING,,,,,,BOOKSELLER,P013
Librero Grande,Client 002,RESANADOR,2.0,160.0,320.0,320.0,0.0,TERMINACION,WOOD_FILLER,FINISHING,,,,,,BOOKSELLER,P013
Librero Grande,Client 002,ROLLO TAPACANTO,3.0,550.0,1650.0,1650.0,0.0,TERMINACION,ROLL,FINISHING,,,,,,BOOKSELLER,P013
Librero Grande,Client 002,RESISTOL,2.0,120.0,240.0,240.0,0.0,FERRETERIA,WOOD_GLUE,HARDWARE,,,,,,BOOKSELLER,P013
Librero Grande,Client 002,CLAVOS,2.0,50.0,100.0,100.0,0.0,FERRETERIA,NAILS,HARDWARE,,,,,,BOOKSELLER,P013
Librero Grande,Client 002,TAQUETES,1.0,40.0,40.0,40.0,0.0,FERRETERIA,WALL_PLUGS,HARDWARE,,,,,,BOOKSELLER,P013
Mesa de trabajo,Client 003,MELAMINA 16MM,4.0,650.0,2600.0,2600.0,0.0,MELAMINA,MELAMINE,RAW_MATERIAL,,,,,,TABLE,P018
Mesa de trabajo,Client 003,MELAMINA 6MM,1.0,450.0,450.0,450.0,0.0,MELAMINA,MELAMINE,RAW_MATERIAL,,,,,,TABLE,P018
Mesa de trabajo,Client 003,TABLA 3/4X8X8,1.0,150.0,150.0,150.0,0.0,TABLAS,BOARD,RAW_MATERIAL,3/4X8X8,0.75,8.0,8.0,48.0,TABLE,P018
Mesa de trabajo,Client 003,"TORNILLO SPAX 2""",1.0,270.0,270.0,270.0,0.0,FERRETERIA,SCREW,HARDWARE,,,,,,TABLE,P018
Mesa de trabajo,Client 003,BISAGRA BIDIMENSIONAL,2.0,30.0,60.0,60.0,0.0,FERRETERIA,HINGE,HARDWARE,,,,,,TABLE,P018
Mesa de trabajo,Client 003,CORREDERA DE EXTENSION,3.0,60.0,180.0,180.0,0.0,FERRETERIA,DRAWER_SLIDE,HARDWARE,,,,,,TABLE,P018
Mesa de trabajo,Client 003,PATAS,4.0,45.0,180.0,180.0,0.0,OTRO,LEGS,SERVICE,,,,,,TABLE,P018
Mesa de trabajo,Client 003,RESISTOL DE CONTACTO,0.25,100.0,25.0,25.0,0.0,FERRETERIA,WOOD_GLUE,HARDWARE,,,,,,TABLE,P018
Mesa de trabajo,Client 003,RESISTOL,0.25,120.0,30.0,30.0,0.0,FERRETERIA,WOOD_GLUE,HARDWARE,,,,,,TABLE,P018
Mesa de trabajo,Client 003,TORNILLO GRIPER,1.0,10.0,10.0,10.0,0.0,FERRETERIA,SCREW,HARDWARE,,,,,,TABLE,P018
Mesa de trabajo,Client 003,TAPACANTO,20.0,8.0,160.0,160.0,0.0,TERMINACION,EDGE_BANDING,FINISHING,,,,,,TABLE,P018
Mesa de trabajo,Client 003,BROCA GUIA,1.0,20.0,20.0,20.0,0.0,FERRETERIA,DRILL_BIT,HARDWARE,,,,,,TABLE,P018
Mesa de trabajo,Client 003,PROPINAS,2.0,50.0,100.0,100.0,0.0,OTRO,TIPS,SERVICE,,,,,,TABLE,P018
Mesa de trabajo,Client 003,FLETE,2.0,350.0,700.0,700.0,0.0,OTRO,FREIGHT,SERVICE,,,,,,TABLE,P018
Puertas Cocina,Client 004,MDF 16MM,2.5,550.0,1375.0,1375.0,0.0,MDF,MDF,RAW_MATERIAL,,,,,,CABINET DOORS,P027
Puertas Cocina,Client 004,MDF 6MM,1.0,250.0,250.0,250.0,0.0,MDF,MDF,RAW_MATERIAL,,,,,,CABINET DOORS,P027
Puertas Cocina,Client 004,TABLA 3/4X8X8,2.0,150.0,300.0,300.0,0.0,TABLAS,BOARD,RAW_MATERIAL,3/4X8X8,0.75,8.0,8.0,48.0,CABINET DOORS,P027
Puertas Cocina,Client 004,PIJAS,2.0,50.0,100.0,100.0,0.0,FERRETERIA,TAPPING_SCREWS,HARDWARE,,,,,,CABINET DOORS,P027
Puertas Cocina,Client 004,PAR BISAGRA BIDIMENSIONAL,3.0,30.0,90.0,90.0,0.0,FERRETERIA,PAIR,HARDWARE,,,,,,CABINET DOORS,P027
Puertas Cocina,Client 004,CORREDERA DE EXTENSION,3.0,60.0,180.0,180.0,0.0,FERRETERIA,DRAWER_SLIDE,HARDWARE,,,,,,CABINET DOORS,P027
Puertas Cocina,Client 004,LLANTAS,4.0,35.0,140.0,140.0,0.0,OTRO,CASTERS,SERVICE,,,,,,CABINET DOORS,P027
Puertas Cocina,Client 004,ESMALTE,1.0,250.0,250.0,250.0,0.0,SOLVENTE,ENAMEL,FINISHING,,,,,,CABINET DOORS,P027
Puertas Cocina,Client 004,FONDO,1.0,250.0,250.0,250.0,0.0,SOLVENTE,SEALER,FINISHING,,,,,,CABINET DOORS,P027
Puertas Cocina,Client 004,TINNHER,3.0,10.0,30.0,30.0,0.0,SOLVENTE,THINNER,FINISHING,,,,,,CABINET DOORS,P027
Puertas Cocina,Client 004,LIJAS,4.0,20.0,80.0,80.0,0.0,LIJAS,SANDPAPER,FINISHING,,,,,,CABINET DOORS,P027
Puertas Cocina,Client 004,JALADERAS,4.0,25.0,100.0,100.0,0.0,FERRETERIA,PULL_HANDLES,HARDWARE,,,,,,CABINET DOORS,P027
Puertas Cocina,Client 004,TAPACANTO,5.0,10.0,50.0,50.0,0.0,TERMINACION,EDGE_BANDING,FINISHING,,,,,,CABINET DOORS,P027
Puertas Cocina,Client 004,FLETE,1.0,300.0,300.0,300.0,0.0,OTRO,FREIGHT,SERVICE,,,,,,CABINET DOORS,P027
Puertas Hueco 50x 81,Client 005,TABLA 3/4X10X8,2.0,190.0,380.0,380.0,0.0,TABLAS,BOARD,RAW_MATERIAL,3/4X10X8,0.75,10.0,8.0,60.0,CABINET DOORS,P028
Puertas Hueco 50x 81,Client 005,PAR DE BISAGRAS,2.0,40.0,80.0,80.0,0.0,FERRETERIA,PAIR,HARDWARE,,,,,,CABINET DOORS,P028
Puertas Hueco 50x 81,Client 005,JALADERAS,2.0,50.0,100.0,100.0,0.0,FERRETERIA,PULL_HANDLES,HARDWARE,,,,,,CABINET DOORS,P028
Puertas Hueco 50x 81,Client 005,PIJAS,1.0,50.0,50.0,50.0,0.0,FERRETERIA,TAPPING_SCREWS,HARDWARE,,,,,,CABINET DOORS,P028
Puertas Hueco 50x 81,Client 005,ESMALTE/BARNIZ,0.5,250.0,125.0,125.0,0.0,SOLVENTE,ENAMEL/VARNISH,FINISHING,,,,,,CABINET DOORS,P028
Puertas Hueco 50x 81,Client 005,FONDO SELLADOR,0.5,250.0,125.0,125.0,0.0,SOLVENTE,SEALER,FINISHING,,,,,,CABINET DOORS,P028
Puertas Hueco 50x 81,Client 005,TINNHER,3.0,50.0,150.0,150.0,0.0,SOLVENTE,THINNER,FINISHING,,,,,,CABINET DOORS,P028
Puertas Hueco 50x 81,Client 005,LIJAS,4.0,20.0,80.0,80.0,0.0,LIJAS,SANDPAPER,FINISHING,,,,,,CABINET DOORS,P028
Puertas Hueco 50x 81,Client 005,FLETE,1.0,300.0,300.0,300.0,0.0,OTRO,FREIGHT,SERVICE,,,,,,CABINET DOORS,P028
Restauracion Mueble uñas,Client 006,ESMALTE,1.0,250.0,250.0,250.0,0.0,SOLVENTE,ENAMEL,FINISHING,,,,,,RENEWAL,P029
Restauracion Mueble uñas,Client 006,BARNIZ MATE,1.0,360.0,360.0,360.0,0.0,SOLVENTE,VARNISH,FINISHING,,,,,,RENEWAL,P029
Restauracion Mueble uñas,Client 006,RESAN,0.25,140.0,35.0,35.0,0.0,TERMINACION,FILLER,FINISHING,,,,,,RENEWAL,P029
Restauracion Mueble uñas,Client 006,FONDO,0.5,250.0,125.0,125.0,0.0,SOLVENTE,SEALER,FINISHING,,,,,,RENEWAL,P029
Restauracion Mueble uñas,Client 006,TINNHER,4.0,50.0,200.0,200.0,0.0,SOLVENTE,THINNER,FINISHING,,,,,,RENEWAL,P029
Restauracion Mueble uñas,Client 006,LIJAS,4.0,20.0,80.0,80.0,0.0,LIJAS,SANDPAPER,FINISHING,,,,,,RENEWAL,P029
Restauracion Mueble uñas,Client 006,FLETE,1.0,300.0,300.0,300.0,0.0,OTRO,FREIGHT,SERVICE,,,,,,RENEWAL,P029
11 Entrepaños,Client 007,MDF 16MM ENCHAPADO  DE CAOBILLA,2.0,500.0,1000.0,1000.0,0.0,MDF,MDF,RAW_MATERIAL,,,,,,SHELVES,P001
11 Entrepaños,Client 007,TINTA,1.0,220.0,220.0,220.0,0.0,TINTA,STAIN,FINISHING,,,,,,SHELVES,P001
11 Entrepaños,Client 007,ESTOPA,0.25,60.0,15.0,15.0,0.0,FERRETERIA,COTTON_WASTE,HARDWARE,,,,,,SHELVES,P001
11 Entrepaños,Client 007,FONDO,1.0,190.0,190.0,190.0,0.0,SOLVENTE,SEALER,FINISHING,,,,,,SHELVES,P001
11 Entrepaños,Client 007,BARNIZ,1.0,320.0,320.0,320.0,0.0,SOLVENTE,VARNISH,FINISHING,,,,,,SHELVES,P001
11 Entrepaños,Client 007,TINNHER,3.0,50.0,150.0,150.0,0.0,SOLVENTE,THINNER,FINISHING,,,,,,SHELVES,P001
11 Entrepaños,Client 007,TAPACANTO MTS,20.0,7.0,140.0,140.0,0.0,TERMINACION,EDGE_BANDING,FINISHING,,,,,,SHELVES,P001
11 Entrepaños,Client 007,LIJAS,3.0,20.0,60.0,60.0,0.0,LIJAS,SANDPAPER,FINISHING,,,,,,SHELVES,P001
11 Entrepaños,Client 007,FLETE,1.0,1000.0,1000.0,1000.0,0.0,OTRO,FREIGHT,SERVICE,,,,,,SHELVES,P001
Puertas,Client 007,MDF 16MM ENCHAPADO  DE CAOBILLA,3.0,500.0,1500.0,1500.0,0.0,MDF,MDF,RAW_MATERIAL,,,,,,DOORS,P026
Puertas,Client 007,TABLA 3/8X8X8,2.0,190.0,380.0,380.0,0.0,TABLAS,BOARD,RAW_MATERIAL,3/8X8X8,0.375,8.0,8.0,24.0,DOORS,P026
Puertas,Client 007,TINTA,1.5,220.0,330.0,330.0,0.0,TINTA,STAIN,FINISHING,,,,,,DOORS,P026
Puertas,Client 007,ESTOPA,0.25,60.0,15.0,15.0,0.0,FERRETERIA,COTTON_WASTE,HARDWARE,,,,,,DOORS,P026
Puertas,Client 007,FONDO,2.0,190.0,380.0,380.0,0.0,SOLVENTE,SEALER,FINISHING,,,,,,DOORS,P026
Puertas,Client 007,BARNIZ,2.0,320.0,640.0,640.0,0.0,SOLVENTE,VARNISH,FINISHING,,,,,,DOORS,P026
Puertas,Client 007,TINNHER,6.0,50.0,300.0,300.0,0.0,SOLVENTE,THINNER,FINISHING,,,,,,DOORS,P026
Puertas,Client 007,BISAGRAS,8.0,25.0,200.0,200.0,0.0,FERRETERIA,HINGES,HARDWARE,,,,,,DOORS,P026
Puertas,Client 007,PUSH OPEN,4.0,45.0,180.0,180.0,0.0,FERRETERIA,PUSH_LATCH,HARDWARE,,,,,,DOORS,P026
Puertas,Client 007,TORNILLO GRIPPER,1.0,15.0,15.0,15.0,0.0,FERRETERIA,SCREW,HARDWARE,,,,,,DOORS,P026
Puertas,Client 007,PIJAS,2.0,50.0,100.0,100.0,0.0,FERRETERIA,TAPPING_SCREWS,HARDWARE,,,,,,DOORS,P026
Puertas,Client 007,TAPACANTO MTS,30.0,7.0,210.0,210.0,0.0,TERMINACION,EDGE_BANDING,FINISHING,,,,,,DOORS,P026
Puertas,Client 007,LIJAS,6.0,20.0,120.0,120.0,0.0,LIJAS,SANDPAPER,FINISHING,,,,,,DOORS,P026
Puertas,Client 007,FLETE,1.0,1000.0,1000.0,1000.0,0.0,OTRO,FREIGHT,SERVICE,,,,,,DOORS,P026
Escritorio,Client 007,MDF 16MM ENCHAPADO  DE CAOBILLA,3.0,500.0,1500.0,1500.0,0.0,MDF,MDF,RAW_MATERIAL,,,,,,DESK,P012
Escritorio,Client 007,CAOBILLA 6MM,1.0,450.0,450.0,450.0,0.0,TABLAS,OKOUME_PLYWOOD,RAW_MATERIAL,,,,,,DESK,P012
Escritorio,Client 007,TABLA 3/8X8X8,1.0,190.0,190.0,190.0,0.0,TABLAS,BOARD,RAW_MATERIAL,3/8X8X8,0.375,8.0,8.0,24.0,DESK,P012
Escritorio,Client 007,TINTA,1.0,220.0,220.0,220.0,0.0,TINTA,STAIN,FINISHING,,,,,,DESK,P012
Escritorio,Client 007,ESTOPA,0.25,60.0,15.0,15.0,0.0,FERRETERIA,COTTON_WASTE,HARDWARE,,,,,,DESK,P012
Escritorio,Client 007,FONDO,1.0,190.0,190.0,190.0,0.0,SOLVENTE,SEALER,FINISHING,,,,,,DESK,P012
Escritorio,Client 007,BARNIZ,1.0,320.0,320.0,320.0,0.0,SOLVENTE,VARNISH,FINISHING,,,,,,DESK,P012
Escritorio,Client 007,TINNHER,3.0,50.0,150.0,150.0,0.0,SOLVENTE,THINNER,FINISHING,,,,,,DESK,P012
Escritorio,Client 007,CORREDERAS,2.0,75.0,150.0,150.0,0.0,FERRETERIA,DRAWER_SLIDES,HARDWARE,,,,,,DESK,P012
Escritorio,Client 007,TORNILLO GRIPPER,1.0,15.0,15.0,15.0,0.0,FERRETERIA,SCREW,HARDWARE,,,,,,DESK,P012
Escritorio,Client 007,PIJAS,2.0,50.0,100.0,100.0,0.0,FERRETERIA,TAPPING_SCREWS,HARDWARE,,,,,,DESK,P012
Escritorio,Client 007,TAPACANTO MTS,30.0,7.0,210.0,210.0,0.0,TERMINACION,EDGE_BANDING,FINISHING,,,,,,DESK,P012
Escritorio,Client 007,LIJAS,4.0,20.0,80.0,80.0,0.0,LIJAS,SANDPAPER,FINISHING,,,,,,DESK,P012
Escritorio,Client 007,FLETE,1.0,1000.0,1000.0,1000.0,0.0,OTRO,FREIGHT,SERVICE,,,,,,DESK,P012
Entrepaño,Client 008,TRIPLAY DE PINO 6MM,0.5,250.0,125.0,125.0,0.0,ENCHAPADOS,PLYWOOD,RAW_MATERIAL,,,,,,SHELVES,P011
Entrepaño,Client 008,TABLA 3/4X10X8,1.0,190.0,190.0,190.0,0.0,TABLAS,BOARD,RAW_MATERIAL,3/4X10X8,0.75,10.0,8.0,60.0,SHELVES,P011
Entrepaño,Client 008,PIJAS,1.0,50.0,50.0,50.0,0.0,FERRETERIA,TAPPING_SCREWS,HARDWARE,,,,,,SHELVES,P011
Entrepaño,Client 008,RESAN,0.25,140.0,35.0,35.0,0.0,TERMINACION,FILLER,FINISHING,,,,,,SHELVES,P011
Entrepaño,Client 008,FLETE,1.0,200.0,200.0,200.0,0.0,OTRO,FREIGHT,SERVICE,,,,,,SHELVES,P011
Mueble esquinero,Client 008,TRIPLAY DE PINO 16MM,1.0,660.0,660.0,660.0,0.0,ENCHAPADOS,PLYWOOD,RAW_MATERIAL,,,,,,FURNITURE,P019
Mueble esquinero,Client 008,PIJAS,1.0,50.0,50.0,50.0,0.0,FERRETERIA,TAPPING_SCREWS,HARDWARE,,,,,,FURNITURE,P019
Mueble esquinero,Client 008,RESAN,0.25,140.0,35.0,35.0,0.0,TERMINACION,FILLER,FINISHING,,,,,,FURNITURE,P019
Mueble esquinero,Client 008,TAPACANTO,10.0,8.0,80.0,80.0,0.0,TERMINACION,EDGE_BANDING,FINISHING,,,,,,FURNITURE,P019
Mueble esquinero,Client 008,BARNIZ,0.5,250.0,125.0,125.0,0.0,SOLVENTE,VARNISH,FINISHING,,,,,,FURNITURE,P019
Mueble esquinero,Client 008,FONDO,0.5,250.0,125.0,125.0,0.0,SOLVENTE,SEALER,FINISHING,,,,,,FURNITURE,P019
Mueble esquinero,Client 008,TINNHER,3.0,50.0,150.0,150.0,0.0,SOLVENTE,THINNER,FINISHING,,,,,,FURNITURE,P019
Mueble esquinero,Client 008,LIJAS,3.0,20.0,60.0,60.0,0.0,LIJAS,SANDPAPER,FINISHING,,,,,,FURNITURE,P019
Mueble esquinero,Client 008,FLETE,1.0,200.0,200.0,200.0,0.0,OTRO,FREIGHT,SERVICE,,,,,,FURNITURE,P019
Puerta de tambor,Client 009,MDF 6MM,2.0,250.0,500.0,500.0,0.0,MDF,MDF,RAW_MATERIAL,,,,,,DOOR,P021
Puerta de tambor,Client 009,TABLA 3/4X8X8,7.0,150.0,1050.0,1050.0,0.0,TABLAS,BOARD,RAW_MATERIAL,3/4X8X8,0.75,8.0,8.0,48.0,DOOR,P021
Puerta de tambor,Client 009,PIJAS,2.0,50.0,100.0,100.0,0.0,FERRETERIA,TAPPING_SCREWS,HARDWARE,,,,,,DOOR,P021
Puerta de tambor,Client 009,BISAGRAS,3.0,30.0,90.0,90.0,0.0,FERRETERIA,HINGES,HARDWARE,,,,,,DOOR,P021
Puerta de tambor,Client 009,CHAPA,1.0,350.0,350.0,350.0,0.0,FERRETERIA,LOCKSET,HARDWARE,,,,,,DOOR,P021
Puerta de tambor,Client 009,TAQUETES,1.0,35.0,35.0,35.0,0.0,FERRETERIA,WALL_PLUGS,HARDWARE,,,,,,DOOR,P021
Puerta de tambor,Client 009,ESMALTE,1.0,100.0,100.0,100.0,0.0,SOLVENTE,ENAMEL,FINISHING,,,,,,DOOR,P021
Puerta de tambor,Client 009,FONDO,1.0,120.0,120.0,120.0,0.0,SOLVENTE,SEALER,FINISHING,,,,,,DOOR,P021
Puerta de tambor,Client 009,TINNHER,3.0,10.0,30.0,30.0,0.0,SOLVENTE,THINNER,FINISHING,,,,,,DOOR,P021
Puerta de tambor,Client 009,LIJAS,4.0,20.0,80.0,80.0,0.0,LIJAS,SANDPAPER,FINISHING,,,,,,DOOR,P021
Puerta de tambor,Client 009,RESISTOL,0.5,120.0,60.0,60.0,0.0,FERRETERIA,WOOD_GLUE,HARDWARE,,,,,,DOOR,P021
Puerta de tambor,Client 009,CHAMBRANAS,5.0,40.0,200.0,200.0,0.0,OTRO,CASINGS,SERVICE,,,,,,DOOR,P021
Puerta de tambor,Client 009,RESANADOR,0.25,160.0,40.0,40.0,0.0,TERMINACION,WOOD_FILLER,FINISHING,,,,,,DOOR,P021
Puerta de tambor,Client 009,ESTOPA,0.25,60.0,15.0,15.0,0.0,FERRETERIA,COTTON_WASTE,HARDWARE,,,,,,DOOR,P021
Closet sencillo 140 ancho x 210 alto y 50 fondo,Client 009,MDF 16MM,3.0,600.0,1800.0,1800.0,0.0,MDF,MDF,RAW_MATERIAL,,,,,,CLOSET,P010
Closet sencillo 140 ancho x 210 alto y 50 fondo,Client 009,MDF 6MM,1.0,500.0,500.0,500.0,0.0,MDF,MDF,RAW_MATERIAL,,,,,,CLOSET,P010
Closet sencillo 140 ancho x 210 alto y 50 fondo,Client 009,TUBO CROMADO METRO,2.0,90.0,180.0,180.0,0.0,FERRETERIA,TUBE,HARDWARE,,,,,,CLOSET,P010
Closet sencillo 140 ancho x 210 alto y 50 fondo,Client 009,PIJAS SPAX,1.0,125.0,125.0,125.0,0.0,FERRETERIA,TAPPING_SCREWS,HARDWARE,,,,,,CLOSET,P010
Closet sencillo 140 ancho x 210 alto y 50 fondo,Client 009,BRIDAS,4.0,10.0,40.0,40.0,0.0,FERRETERIA,FLANGES,HARDWARE,,,,,,CLOSET,P010
Closet sencillo 140 ancho x 210 alto y 50 fondo,Client 009,CORREDERA DE EXTENSION,4.0,60.0,240.0,240.0,0.0,FERRETERIA,DRAWER_SLIDE,HARDWARE,,,,,,CLOSET,P010
Closet sencillo 140 ancho x 210 alto y 50 fondo,Client 009,TAQUETES,1.0,30.0,30.0,30.0,0.0,FERRETERIA,WALL_PLUGS,HARDWARE,,,,,,CLOSET,P010
Closet sencillo 140 ancho x 210 alto y 50 fondo,Client 009,JALADERAS,4.0,25.0,100.0,100.0,0.0,FERRETERIA,PULL_HANDLES,HARDWARE,,,,,,CLOSET,P010
Closet sencillo 140 ancho x 210 alto y 50 fondo,Client 009,TAPACANTO,20.0,10.0,200.0,200.0,0.0,TERMINACION,EDGE_BANDING,FINISHING,,,,,,CLOSET,P010
Closet sencillo 140 ancho x 210 alto y 50 fondo,Client 009,FLETE,1.0,600.0,600.0,600.0,0.0,OTRO,FREIGHT,SERVICE,,,,,,CLOSET,P010
Puerta de tambor,Client 009,PUERTA,1.0,900.0,900.0,900.0,0.0,OTRO,DOOR,SERVICE,,,,,,DOOR,P021
Cajonera,Client 010,TRIPLAY 16MM,5.0,660.0,3300.0,3300.0,0.0,ENCHAPADOS,PLYWOOD,RAW_MATERIAL,,,,,,FURNITURE,P005
Cajonera,Client 010,TRIPLAY 16MM,5.0,660.0,3300.0,3300.0,0.0,ENCHAPADOS,PLYWOOD,RAW_MATERIAL,,,,,,FURNITURE,P006
Cajonera,Client 010,TRIPLAY 16MM,5.0,660.0,3300.0,3300.0,0.0,ENCHAPADOS,PLYWOOD,RAW_MATERIAL,,,,,,FURNITURE,P007
Cajonera,Client 010,TRIPLAY6MM,3.0,500.0,1500.0,1500.0,0.0,ENCHAPADOS,PLYWOOD_6MM,RAW_MATERIAL,,,,,,FURNITURE,P005
Cajonera,Client 010,TRIPLAY6MM,3.0,500.0,1500.0,1500.0,0.0,ENCHAPADOS,PLYWOOD_6MM,RAW_MATERIAL,,,,,,FURNITURE,P006
Cajonera,Client 010,TRIPLAY6MM,3.0,500.0,1500.0,1500.0,0.0,ENCHAPADOS,PLYWOOD_6MM,RAW_MATERIAL,,,,,,FURNITURE,P007
Cajonera,Client 010,CORREDERAS 35CM,16.0,50.0,800.0,800.0,0.0,FERRETERIA,DRAWER_SLIDES,HARDWARE,,,,,,FURNITURE,P005
Cajonera,Client 010,CORREDERAS 35CM,16.0,50.0,800.0,800.0,0.0,FERRETERIA,DRAWER_SLIDES,HARDWARE,,,,,,FURNITURE,P006
Cajonera,Client 010,CORREDERAS 35CM,16.0,50.0,800.0,800.0,0.0,FERRETERIA,DRAWER_SLIDES,HARDWARE,,,,,,FURNITURE,P007
Cajonera,Client 010,PIJAS,3.0,50.0,150.0,150.0,0.0,FERRETERIA,TAPPING_SCREWS,HARDWARE,,,,,,FURNITURE,P005
Cajonera,Client 010,PIJAS,3.0,50.0,150.0,150.0,0.0,FERRETERIA,TAPPING_SCREWS,HARDWARE,,,,,,FURNITURE,P006
Cajonera,Client 010,PIJAS,3.0,50.0,150.0,150.0,0.0,FERRETERIA,TAPPING_SCREWS,HARDWARE,,,,,,FURNITURE,P007
Cajonera,Client 010,TABLA 3/4X8X8,2.0,150.0,300.0,300.0,0.0,TABLAS,BOARD,RAW_MATERIAL,3/4X8X8,0.75,8.0,8.0,48.0,FURNITURE,P005
Cajonera,Client 010,TABLA 3/4X8X8,2.0,150.0,300.0,300.0,0.0,TABLAS,BOARD,RAW_MATERIAL,3/4X8X8,0.75,8.0,8.0,48.0,FURNITURE,P006
Cajonera,Client 010,TABLA 3/4X8X8,2.0,150.0,300.0,300.0,0.0,TABLAS,BOARD,RAW_MATERIAL,3/4X8X8,0.75,8.0,8.0,48.0,FURNITURE,P007
Cajonera,Client 010,TAPACANTO 16MM,0.5,750.0,375.0,375.0,0.0,TERMINACION,EDGE_BANDING,FINISHING,,,,,,FURNITURE,P005
Cajonera,Client 010,TAPACANTO 16MM,0.5,750.0,375.0,375.0,0.0,TERMINACION,EDGE_BANDING,FINISHING,,,,,,FURNITURE,P006
Cajonera,Client 010,TAPACANTO 16MM,0.5,750.0,375.0,375.0,0.0,TERMINACION,EDGE_BANDING,FINISHING,,,,,,FURNITURE,P007
Cajonera,Client 010,PATAS 10CM,8.0,30.0,240.0,240.0,0.0,OTRO,LEGS,SERVICE,,,,,,FURNITURE,P005
Cajonera,Client 010,PATAS 10CM,8.0,30.0,240.0,240.0,0.0,OTRO,LEGS,SERVICE,,,,,,FURNITURE,P006
Cajonera,Client 010,PATAS 10CM,8.0,30.0,240.0,240.0,0.0,OTRO,LEGS,SERVICE,,,,,,FURNITURE,P007
Cajonera,Client 010,RESANADOR DE PINO,1.0,120.0,120.0,120.0,0.0,TERMINACION,WOOD_FILLER,FINISHING,,,,,,FURNITURE,P005
Cajonera,Client 010,RESANADOR DE PINO,1.0,120.0,120.0,120.0,0.0,TERMINACION,WOOD_FILLER,FINISHING,,,,,,FURNITURE,P006
Cajonera,Client 010,RESANADOR DE PINO,1.0,120.0,120.0,120.0,0.0,TERMINACION,WOOD_FILLER,FINISHING,,,,,,FURNITURE,P007
Cajonera,Client 010,LIJAS,10.0,20.0,200.0,200.0,0.0,LIJAS,SANDPAPER,FINISHING,,,,,,FURNITURE,P005
Cajonera,Client 010,LIJAS,10.0,20.0,200.0,200.0,0.0,LIJAS,SANDPAPER,FINISHING,,,,,,FURNITURE,P006
Cajonera,Client 010,LIJAS,10.0,20.0,200.0,200.0,0.0,LIJAS,SANDPAPER,FINISHING,,,,,,FURNITURE,P007
Cajonera,Client 010,FLETE,1.0,600.0,600.0,600.0,0.0,OTRO,FREIGHT,SERVICE,,,,,,FURNITURE,P005
Cajonera,Client 010,FLETE,1.0,600.0,600.0,600.0,0.0,OTRO,FREIGHT,SERVICE,,,,,,FURNITURE,P006
Cajonera,Client 010,FLETE,1.0,600.0,600.0,600.0,0.0,OTRO,FREIGHT,SERVICE,,,,,,FURNITURE,P007
Cajonera,Client 010,BROCAS,2.0,35.0,70.0,70.0,0.0,FERRETERIA,DRILL_BITS,HARDWARE,,,,,,FURNITURE,P005
Cajonera,Client 010,BROCAS,2.0,35.0,70.0,70.0,0.0,FERRETERIA,DRILL_BITS,HARDWARE,,,,,,FURNITURE,P006
Cajonera,Client 010,BROCAS,2.0,35.0,70.0,70.0,0.0,FERRETERIA,DRILL_BITS,HARDWARE,,,,,,FURNITURE,P007
Vanity,Client 011,TRIPLAY MDF 16MM,3.0,500.0,1500.0,1500.0,0.0,ENCHAPADOS,PLYWOOD,RAW_MATERIAL,,,,,,FURNITURE,P030
Vanity,Client 011,TRIPLAY6MM,2.0,250.0,500.0,500.0,0.0,ENCHAPADOS,PLYWOOD_6MM,RAW_MATERIAL,,,,,,FURNITURE,P030
Vanity,Client 011,CORREDERAS 35CM,4.0,50.0,200.0,200.0,0.0,FERRETERIA,DRAWER_SLIDES,HARDWARE,,,,,,FURNITURE,P030
Vanity,Client 011,PIJAS,3.0,50.0,150.0,150.0,0.0,FERRETERIA,TAPPING_SCREWS,HARDWARE,,,,,,FURNITURE,P030
Vanity,Client 011,TABLA 3/4X8X8,2.0,150.0,300.0,300.0,0.0,TABLAS,BOARD,RAW_MATERIAL,3/4X8X8,0.75,8.0,8.0,48.0,FURNITURE,P030
Vanity,Client 011,TAPACANTO 16MM,0.5,750.0,375.0,375.0,0.0,TERMINACION,EDGE_BANDING,FINISHING,,,,,,FURNITURE,P030
Vanity,Client 011,PASTA AUTOMOTRIZ,0.5,150.0,75.0,75.0,0.0,TERMINACION,PASTE,FINISHING,,,,,,FURNITURE,P030
Vanity,Client 011,RESANADOR DE PINO,1.0,120.0,120.0,120.0,0.0,TERMINACION,WOOD_FILLER,FINISHING,,,,,,FURNITURE,P030
Vanity,Client 011,LIJAS,10.0,20.0,200.0,200.0,0.0,LIJAS,SANDPAPER,FINISHING,,,,,,FURNITURE,P030
Vanity,Client 011,FONDO,1.5,250.0,375.0,375.0,0.0,SOLVENTE,SEALER,FINISHING,,,,,,FURNITURE,P030
Vanity,Client 011,ESMALTE,1.5,250.0,375.0,375.0,0.0,SOLVENTE,ENAMEL,FINISHING,,,,,,FURNITURE,P030
Vanity,Client 011,TINNHER,5.0,50.0,250.0,250.0,0.0,SOLVENTE,THINNER,FINISHING,,,,,,FURNITURE,P030
Vanity,Client 011,ESPEJO,1.0,600.0,600.0,600.0,0.0,OTRO,MIRROR,SERVICE,,,,,,FURNITURE,P030
Vanity,Client 011,JALADERA,3.0,50.0,150.0,150.0,0.0,FERRETERIA,PULL_HANDLE,HARDWARE,,,,,,FURNITURE,P030
Vanity,Client 011,FLETE,1.0,600.0,600.0,600.0,0.0,OTRO,FREIGHT,SERVICE,,,,,,FURNITURE,P030
Vanity,Client 011,BROCAS,2.0,35.0,70.0,70.0,0.0,FERRETERIA,DRILL_BITS,HARDWARE,,,,,,FURNITURE,P030
Linea Cubrica,Client 012,MDF 16MM,3.0,900.0,2700.0,2700.0,0.0,MDF,MDF,RAW_MATERIAL,,,,,,FURNITURE,P014
Linea Cubrica,Client 012,MDF 6MM,1.0,500.0,500.0,500.0,0.0,MDF,MDF,RAW_MATERIAL,,,,,,FURNITURE,P014
Linea Cubrica,Client 012,TUBO CROMADO METRO,2.0,90.0,180.0,180.0,0.0,FERRETERIA,TUBE,HARDWARE,,,,,,FURNITURE,P014
Linea Cubrica,Client 012,PIJAS SPAX,1.0,135.0,135.0,135.0,0.0,FERRETERIA,TAPPING_SCREWS,HARDWARE,,,,,,FURNITURE,P014
Linea Cubrica,Client 012,BRIDAS,4.0,10.0,40.0,40.0,0.0,FERRETERIA,FLANGES,HARDWARE,,,,,,FURNITURE,P014
Linea Cubrica,Client 012,CORREDERA DE EXTENSION,4.0,60.0,240.0,240.0,0.0,FERRETERIA,DRAWER_SLIDE,HARDWARE,,,,,,FURNITURE,P014
Linea Cubrica,Client 012,TAQUETES,1.0,30.0,30.0,30.0,0.0,FERRETERIA,WALL_PLUGS,HARDWARE,,,,,,FURNITURE,P014
Linea Cubrica,Client 012,JALADERAS,4.0,25.0,100.0,100.0,0.0,FERRETERIA,PULL_HANDLES,HARDWARE,,,,,,FURNITURE,P014
Linea Cubrica,Client 012,TAPACANTO,20.0,10.0,200.0,200.0,0.0,TERMINACION,EDGE_BANDING,FINISHING,,,,,,FURNITURE,P014
Linea Cubrica,Client 012,FLETE,1.0,600.0,600.0,600.0,0.0,OTRO,FREIGHT,SERVICE,,,,,,FURNITURE,P014
Linea normal,Client 012,MDF 16MM,3.0,600.0,1800.0,1800.0,0.0,MDF,MDF,RAW_MATERIAL,,,,,,FURNITURE,P016
Linea normal,Client 012,MDF 6MM,1.0,500.0,500.0,500.0,0.0,MDF,MDF,RAW_MATERIAL,,,,,,FURNITURE,P016
Linea normal,Client 012,TUBO CROMADO METRO,2.0,90.0,180.0,180.0,0.0,FERRETERIA,TUBE,HARDWARE,,,,,,FURNITURE,P016
Linea normal,Client 012,PIJAS SPAX,1.0,135.0,135.0,135.0,0.0,FERRETERIA,TAPPING_SCREWS,HARDWARE,,,,,,FURNITURE,P016
Linea normal,Client 012,BRIDAS,4.0,10.0,40.0,40.0,0.0,FERRETERIA,FLANGES,HARDWARE,,,,,,FURNITURE,P016
Linea normal,Client 012,CORREDERA DE EXTENSION,4.0,60.0,240.0,240.0,0.0,FERRETERIA,DRAWER_SLIDE,HARDWARE,,,,,,FURNITURE,P016
Linea normal,Client 012,TAQUETES,1.0,30.0,30.0,30.0,0.0,FERRETERIA,WALL_PLUGS,HARDWARE,,,,,,FURNITURE,P016
Linea normal,Client 012,JALADERAS,4.0,25.0,100.0,100.0,0.0,FERRETERIA,PULL_HANDLES,HARDWARE,,,,,,FURNITURE,P016
Linea normal,Client 012,TAPACANTO,20.0,10.0,200.0,200.0,0.0,TERMINACION,EDGE_BANDING,FINISHING,,,,,,FURNITURE,P016
Linea normal,Client 012,FLETE,1.0,600.0,600.0,600.0,0.0,OTRO,FREIGHT,SERVICE,,,,,,FURNITURE,P016
Linea Cubrica,Client 012,MELAMINNA 16MM,5.0,900.0,4500.0,4500.0,0.0,MELAMINA,MELAMINE,RAW_MATERIAL,,,,,,FURNITURE,P014
Linea Cubrica,Client 012,MELAMINA 6MM,1.0,500.0,500.0,500.0,0.0,MELAMINA,MELAMINE,RAW_MATERIAL,,,,,,FURNITURE,P014
Linea Normal,Client 012,MELAMINNA 16MM,5.0,600.0,3000.0,3000.0,0.0,MELAMINA,MELAMINE,RAW_MATERIAL,,,,,,FURNITURE,P015
Linea Normal,Client 012,MELAMINA 6MM,1.0,500.0,500.0,500.0,0.0,MELAMINA,MELAMINE,RAW_MATERIAL,,,,,,FURNITURE,P015
Linea Normal,Client 012,TUBO CROMADO METRO,2.0,90.0,180.0,180.0,0.0,FERRETERIA,TUBE,HARDWARE,,,,,,FURNITURE,P015
Linea Normal,Client 012,PIJAS SPAX,2.0,135.0,270.0,270.0,0.0,FERRETERIA,TAPPING_SCREWS,HARDWARE,,,,,,FURNITURE,P015
Linea Normal,Client 012,BRIDAS,4.0,10.0,40.0,40.0,0.0,FERRETERIA,FLANGES,HARDWARE,,,,,,FURNITURE,P015
Linea Normal,Client 012,CORREDERA DE EXTENSION,4.0,60.0,240.0,240.0,0.0,FERRETERIA,DRAWER_SLIDE,HARDWARE,,,,,,FURNITURE,P015
Linea Normal,Client 012,TAQUETES,1.0,30.0,30.0,30.0,0.0,FERRETERIA,WALL_PLUGS,HARDWARE,,,,,,FURNITURE,P015
Linea Normal,Client 012,JALADERAS,4.0,25.0,100.0,100.0,0.0,FERRETERIA,PULL_HANDLES,HARDWARE,,,,,,FURNITURE,P015
Linea Normal,Client 012,TAPACANTO,30.0,10.0,300.0,300.0,0.0,TERMINACION,EDGE_BANDING,FINISHING,,,,,,FURNITURE,P015
Linea Normal,Client 012,FLETE,1.0,600.0,600.0,600.0,0.0,OTRO,FREIGHT,SERVICE,,,,,,FURNITURE,P015
Bufetera y repisas,Client 013,16MM,5.0,850.0,4250.0,4250.0,0.0,FERRETERIA,16MM,HARDWARE,,,,,,FURNITURE,P003
Bufetera y repisas,Client 013,6MM,1.0,650.0,650.0,650.0,0.0,FERRETERIA,6MM,HARDWARE,,,,,,FURNITURE,P003
Bufetera y repisas,Client 013,TABLA 3/4 X 8 X 8,7.0,150.0,1050.0,1050.0,0.0,TABLAS,BOARD,RAW_MATERIAL,3/4X8X8,0.75,8.0,8.0,48.0,FURNITURE,P003
Bufetera y repisas,Client 013,FONDO SELLADOR,1.5,250.0,375.0,375.0,0.0,SOLVENTE,SEALER,FINISHING,,,,,,FURNITURE,P003
Bufetera y repisas,Client 013,BARNIZ,2.0,320.0,640.0,640.0,0.0,SOLVENTE,VARNISH,FINISHING,,,,,,FURNITURE,P003
Bufetera y repisas,Client 013,TINNHER,5.0,50.0,250.0,250.0,0.0,SOLVENTE,THINNER,FINISHING,,,,,,FURNITURE,P003
Bufetera y repisas,Client 013,LIJAS,5.0,20.0,100.0,100.0,0.0,LIJAS,SANDPAPER,FINISHING,,,,,,FURNITURE,P003
Bufetera y repisas,Client 013,RESANADOR,1.0,103.0,103.0,103.0,0.0,TERMINACION,WOOD_FILLER,FINISHING,,,,,,FURNITURE,P003
Bufetera y repisas,Client 013,BISAGRA BIDIMENSIONAL,6.0,25.0,150.0,150.0,0.0,FERRETERIA,HINGE,HARDWARE,,,,,,FURNITURE,P003
Bufetera y repisas,Client 013,SPAX,1.5,250.0,375.0,375.0,0.0,FERRETERIA,SPAX_SCREWS,HARDWARE,,,,,,FURNITURE,P003
Bufetera y repisas,Client 013,TAPACANTO,30.0,10.0,300.0,300.0,0.0,TERMINACION,EDGE_BANDING,FINISHING,,,,,,FURNITURE,P003
Bufetera y repisas,Client 013,TAQUETES,1.0,30.0,30.0,30.0,0.0,FERRETERIA,WALL_PLUGS,HARDWARE,,,,,,FURNITURE,P003
Bufetera y repisas,Client 013,JALADERAS,6.0,25.0,150.0,150.0,0.0,FERRETERIA,PULL_HANDLES,HARDWARE,,,,,,FURNITURE,P003
Bufetera y repisas,Client 013,SILICON,2.0,90.0,180.0,180.0,0.0,FERRETERIA,SILICONE,HARDWARE,,,,,,FURNITURE,P003
Bufetera y repisas,Client 013,FLETE,2.0,250.0,500.0,500.0,0.0,OTRO,FREIGHT,SERVICE,,,,,,FURNITURE,P003
Bufetera y repisas,Client 013,TABLA 3/4X8X8,5.0,150.0,750.0,750.0,0.0,TABLAS,BOARD,RAW_MATERIAL,3/4X8X8,0.75,8.0,8.0,48.0,FURNITURE,P003
Bufetera y repisas,Client 013,PIJAS,2.0,50.0,100.0,100.0,0.0,FERRETERIA,TAPPING_SCREWS,HARDWARE,,,,,,FURNITURE,P003
Bufetera y repisas,Client 013,TAPACANTO,20.0,10.0,200.0,200.0,0.0,TERMINACION,EDGE_BANDING,FINISHING,,,,,,FURNITURE,P003
Bufetera y repisas,Client 013,FLETE,2.0,250.0,500.0,500.0,0.0,OTRO,FREIGHT,SERVICE,,,,,,FURNITURE,P003
Closet Completo,Client 013,16MM,9.0,500.0,4500.0,4500.0,0.0,FERRETERIA,16MM,HARDWARE,,,,,,CLOSET,P008
Closet Completo,Client 013,6MM,11.0,280.0,3080.0,3080.0,0.0,FERRETERIA,6MM,HARDWARE,,,,,,CLOSET,P008
Closet Completo,Client 013,TABLA 3/4X8X8,10.0,150.0,1500.0,1500.0,0.0,TABLAS,BOARD,RAW_MATERIAL,3/4X8X8,0.75,8.0,8.0,48.0,CLOSET,P008
Closet Completo,Client 013,FONDO SELLADOR,4.0,200.0,800.0,800.0,0.0,SOLVENTE,SEALER,FINISHING,,,,,,CLOSET,P008
Closet Completo,Client 013,BARNIZ,4.0,320.0,1280.0,1280.0,0.0,SOLVENTE,VARNISH,FINISHING,,,,,,CLOSET,P008
Closet Completo,Client 013,TINNHER,10.0,50.0,500.0,500.0,0.0,SOLVENTE,THINNER,FINISHING,,,,,,CLOSET,P008
Closet Completo,Client 013,TINTA,2.0,220.0,440.0,440.0,0.0,TINTA,STAIN,FINISHING,,,,,,CLOSET,P008
Closet Completo,Client 013,LIJAS,7.0,20.0,140.0,140.0,0.0,LIJAS,SANDPAPER,FINISHING,,,,,,CLOSET,P008
Closet Completo,Client 013,RESANADOR,0.5,90.0,45.0,45.0,0.0,TERMINACION,WOOD_FILLER,FINISHING,,,,,,CLOSET,P008
Closet Completo,Client 013,ESTOPA,0.25,100.0,25.0,25.0,0.0,FERRETERIA,COTTON_WASTE,HARDWARE,,,,,,CLOSET,P008
Closet Completo,Client 013,CORREDERAS 45CM REFORZADA,8.0,65.0,520.0,520.0,0.0,OTRO,DRAWER_SLIDES,SERVICE,,,,,,CLOSET,P008
Closet Completo,Client 013,PIJAS,8.0,50.0,400.0,400.0,0.0,FERRETERIA,TAPPING_SCREWS,HARDWARE,,,,,,CLOSET,P008
Closet Completo,Client 013,TAPACANTO,1.5,500.0,750.0,750.0,0.0,TERMINACION,EDGE_BANDING,FINISHING,,,,,,CLOSET,P008
Closet Completo,Client 013,TAQUETES,1.0,50.0,50.0,50.0,0.0,FERRETERIA,WALL_PLUGS,HARDWARE,,,,,,CLOSET,P008
Closet Completo,Client 013,TUBO CROMADO METROS,3.0,150.0,450.0,450.0,0.0,OTRO,TUBE,SERVICE,,,,,,CLOSET,P008
Closet Completo,Client 013,BRIDAS,1.0,20.0,20.0,20.0,0.0,FERRETERIA,FLANGES,HARDWARE,,,,,,CLOSET,P008
Closet Completo,Client 013,SOPORTE DE TUBO,4.0,30.0,120.0,120.0,0.0,OTRO,SUPPORT,SERVICE,,,,,,CLOSET,P008
Closet Completo,Client 013,FLETE,3.0,250.0,750.0,750.0,0.0,OTRO,FREIGHT,SERVICE,,,,,,CLOSET,P008
Cabecera/closet,Client 014,16MM,25.0,570.0,14250.0,14250.0,0.0,FERRETERIA,16MM,HARDWARE,,,,,,CLOSET,P004
Cabecera/closet,Client 014,6MM,8.0,480.0,3840.0,3840.0,0.0,FERRETERIA,6MM,HARDWARE,,,,,,CLOSET,P004
Cabecera/closet,Client 014,TABLA 3/4X8X8,5.0,150.0,750.0,750.0,0.0,TABLAS,BOARD,RAW_MATERIAL,3/4X8X8,0.75,8.0,8.0,48.0,CLOSET,P004
Cabecera/closet,Client 014,BISAGRA BIDIMENSIONAL PAR,25.0,20.0,500.0,500.0,0.0,FERRETERIA,HINGE,HARDWARE,,,,,,CLOSET,P004
Cabecera/closet,Client 014,CAJAS ESPAX,6.0,350.0,2100.0,2100.0,0.0,FERRETERIA,BOXES,HARDWARE,,,,,,CLOSET,P004
Cabecera/closet,Client 014,TAPACANTO ROLLO,4.0,450.0,1800.0,1800.0,0.0,TERMINACION,EDGE_BANDING,FINISHING,,,,,,CLOSET,P004
Cabecera/closet,Client 014,TAQUETES,1.0,45.0,45.0,45.0,0.0,FERRETERIA,WALL_PLUGS,HARDWARE,,,,,,CLOSET,P004
Cabecera/closet,Client 014,JALADERAS,30.0,20.0,600.0,600.0,0.0,FERRETERIA,PULL_HANDLES,HARDWARE,,,,,,CLOSET,P004
Cabecera/closet,Client 014,CORREDERAS PARA CAJON,6.0,45.0,270.0,270.0,0.0,FERRETERIA,DRAWER_SLIDES,HARDWARE,,,,,,CLOSET,P004
Cabecera/closet,Client 014,TUBO CROMADO,4.0,50.0,200.0,200.0,0.0,FERRETERIA,TUBE,HARDWARE,,,,,,CLOSET,P004
Cabecera/closet,Client 014,BRIDAS,4.0,10.0,40.0,40.0,0.0,FERRETERIA,FLANGES,HARDWARE,,,,,,CLOSET,P004
Cabecera/closet,Client 014,PISTON NEUMATICO,25.0,35.0,875.0,875.0,0.0,FERRETERIA,GAS_STRUT,HARDWARE,,,,,,CLOSET,P004
Cabecera/closet,Client 014,CLAVO NEUMATICO,1.0,100.0,100.0,100.0,0.0,FERRETERIA,NAIL,HARDWARE,,,,,,CLOSET,P004
Cabecera/closet,Client 014,BROCAS GUIA,2.0,20.0,40.0,40.0,0.0,FERRETERIA,DRILL_BITS,HARDWARE,,,,,,CLOSET,P004
Cabecera/closet,Client 014,PIJAS 3´,1.0,70.0,70.0,70.0,0.0,FERRETERIA,TAPPING_SCREWS,HARDWARE,,,,,,CLOSET,P004
Cabecera/closet,Client 014,ROLLO EMPLAYE,1.0,130.0,130.0,130.0,0.0,FERRETERIA,ROLL,HARDWARE,,,,,,CLOSET,P004
Cabecera/closet,Client 014,ROLLO EMPLAYE CHICO,1.0,70.0,70.0,70.0,0.0,FERRETERIA,ROLL,HARDWARE,,,,,,CLOSET,P004
Cajonera,Client 015,BISAGRAS,8.0,25.0,200.0,200.0,0.0,FERRETERIA,HINGES,HARDWARE,,,,,,FURNITURE,P005
Cajonera,Client 015,BISAGRAS,8.0,25.0,200.0,200.0,0.0,FERRETERIA,HINGES,HARDWARE,,,,,,FURNITURE,P006
Cajonera,Client 015,BISAGRAS,8.0,25.0,200.0,200.0,0.0,FERRETERIA,HINGES,HARDWARE,,,,,,FURNITURE,P007
Cajonera,Client 015,JALADERAS,11.0,25.0,275.0,275.0,0.0,FERRETERIA,PULL_HANDLES,HARDWARE,,,,,,FURNITURE,P005
Cajonera,Client 015,JALADERAS,11.0,25.0,275.0,275.0,0.0,FERRETERIA,PULL_HANDLES,HARDWARE,,,,,,FURNITURE,P006
Cajonera,Client 015,JALADERAS,11.0,25.0,275.0,275.0,0.0,FERRETERIA,PULL_HANDLES,HARDWARE,,,,,,FURNITURE,P007
Cajonera,Client 015,TORNILLOS,5.0,50.0,250.0,250.0,0.0,FERRETERIA,SCREWS,HARDWARE,,,,,,FURNITURE,P005
Cajonera,Client 015,TORNILLOS,5.0,50.0,250.0,250.0,0.0,FERRETERIA,SCREWS,HARDWARE,,,,,,FURNITURE,P006
Cajonera,Client 015,TORNILLOS,5.0,50.0,250.0,250.0,0.0,FERRETERIA,SCREWS,HARDWARE,,,,,,FURNITURE,P007
Cajonera,Client 015,TAPACANTO,1.0,750.0,750.0,750.0,0.0,TERMINACION,EDGE_BANDING,FINISHING,,,,,,FURNITURE,P005
Cajonera,Client 015,TAPACANTO,1.0,750.0,750.0,750.0,0.0,TERMINACION,EDGE_BANDING,FINISHING,,,,,,FURNITURE,P006
Cajonera,Client 015,TAPACANTO,1.0,750.0,750.0,750.0,0.0,TERMINACION,EDGE_BANDING,FINISHING,,,,,,FURNITURE,P007
Cajonera,Client 015,CORREDERAS,5.0,50.0,250.0,250.0,0.0,FERRETERIA,DRAWER_SLIDES,HARDWARE,,,,,,FURNITURE,P005
Cajonera,Client 015,CORREDERAS,5.0,50.0,250.0,250.0,0.0,FERRETERIA,DRAWER_SLIDES,HARDWARE,,,,,,FURNITURE,P006
Cajonera,Client 015,CORREDERAS,5.0,50.0,250.0,250.0,0.0,FERRETERIA,DRAWER_SLIDES,HARDWARE,,,,,,FURNITURE,P007
Cajonera,Client 015,ESMALTE,4.0,250.0,1000.0,1000.0,0.0,SOLVENTE,ENAMEL,FINISHING,,,,,,FURNITURE,P005
Cajonera,Client 015,ESMALTE,4.0,250.0,1000.0,1000.0,0.0,SOLVENTE,ENAMEL,FINISHING,,,,,,FURNITURE,P006
Cajonera,Client 015,ESMALTE,4.0,250.0,1000.0,1000.0,0.0,SOLVENTE,ENAMEL,FINISHING,,,,,,FURNITURE,P007
Cajonera,Client 015,FONDO,4.0,250.0,1000.0,1000.0,0.0,SOLVENTE,SEALER,FINISHING,,,,,,FURNITURE,P005
Cajonera,Client 015,FONDO,4.0,250.0,1000.0,1000.0,0.0,SOLVENTE,SEALER,FINISHING,,,,,,FURNITURE,P006
Cajonera,Client 015,FONDO,4.0,250.0,1000.0,1000.0,0.0,SOLVENTE,SEALER,FINISHING,,,,,,FURNITURE,P007
Cajonera,Client 015,TINNHER,10.0,50.0,500.0,500.0,0.0,SOLVENTE,THINNER,FINISHING,,,,,,FURNITURE,P005
Cajonera,Client 015,TINNHER,10.0,50.0,500.0,500.0,0.0,SOLVENTE,THINNER,FINISHING,,,,,,FURNITURE,P006
Cajonera,Client 015,TINNHER,10.0,50.0,500.0,500.0,0.0,SOLVENTE,THINNER,FINISHING,,,,,,FURNITURE,P007
Cajonera,Client 015,RESANADOR,1.0,140.0,140.0,140.0,0.0,TERMINACION,WOOD_FILLER,FINISHING,,,,,,FURNITURE,P005
Cajonera,Client 015,RESANADOR,1.0,140.0,140.0,140.0,0.0,TERMINACION,WOOD_FILLER,FINISHING,,,,,,FURNITURE,P006
Cajonera,Client 015,RESANADOR,1.0,140.0,140.0,140.0,0.0,TERMINACION,WOOD_FILLER,FINISHING,,,,,,FURNITURE,P007
Cajonera,Client 015,CABLE,10.0,15.0,150.0,150.0,0.0,OTRO,CABLE,SERVICE,,,,,,FURNITURE,P005
Cajonera,Client 015,CABLE,10.0,15.0,150.0,150.0,0.0,OTRO,CABLE,SERVICE,,,,,,FURNITURE,P006
Cajonera,Client 015,CABLE,10.0,15.0,150.0,150.0,0.0,OTRO,CABLE,SERVICE,,,,,,FURNITURE,P007
Cajonera,Client 015,CLAVIJA,1.0,15.0,15.0,15.0,0.0,OTRO,PLUG,SERVICE,,,,,,FURNITURE,P005
Cajonera,Client 015,CLAVIJA,1.0,15.0,15.0,15.0,0.0,OTRO,PLUG,SERVICE,,,,,,FURNITURE,P006
Cajonera,Client 015,CLAVIJA,1.0,15.0,15.0,15.0,0.0,OTRO,PLUG,SERVICE,,,,,,FURNITURE,P007
Cajonera,Client 015,CONTACTO,2.0,70.0,140.0,140.0,0.0,OTRO,OUTLET,SERVICE,,,,,,FURNITURE,P005
Cajonera,Client 015,CONTACTO,2.0,70.0,140.0,140.0,0.0,OTRO,OUTLET,SERVICE,,,,,,FURNITURE,P006
Cajonera,Client 015,CONTACTO,2.0,70.0,140.0,140.0,0.0,OTRO,OUTLET,SERVICE,,,,,,FURNITURE,P007
Cajonera,Client 015,TAQUETES,1.0,40.0,40.0,40.0,0.0,FERRETERIA,WALL_PLUGS,HARDWARE,,,,,,FURNITURE,P005
Cajonera,Client 015,TAQUETES,1.0,40.0,40.0,40.0,0.0,FERRETERIA,WALL_PLUGS,HARDWARE,,,,,,FURNITURE,P006
Cajonera,Client 015,TAQUETES,1.0,40.0,40.0,40.0,0.0,FERRETERIA,WALL_PLUGS,HARDWARE,,,,,,FURNITURE,P007
Cajonera,Client 015,TORNILLO GRIPER,3.0,15.0,45.0,45.0,0.0,FERRETERIA,SCREW,HARDWARE,,,,,,FURNITURE,P005
Cajonera,Client 015,TORNILLO GRIPER,3.0,15.0,45.0,45.0,0.0,FERRETERIA,SCREW,HARDWARE,,,,,,FURNITURE,P006
Cajonera,Client 015,TORNILLO GRIPER,3.0,15.0,45.0,45.0,0.0,FERRETERIA,SCREW,HARDWARE,,,,,,FURNITURE,P007
Closet lado ventana,Client 016,TRIPLAY 16MM,7.0,500.0,3500.0,3500.0,0.0,ENCHAPADOS,PLYWOOD,RAW_MATERIAL,,,,,,CLOSET,P009
Closet lado ventana,Client 016,TRIPLAY 6MM,3.0,450.0,1350.0,1350.0,0.0,ENCHAPADOS,PLYWOOD,RAW_MATERIAL,,,,,,CLOSET,P009
Closet lado ventana,Client 016,TABLA 3/4X8X8,1.0,150.0,150.0,150.0,0.0,TABLAS,BOARD,RAW_MATERIAL,3/4X8X8,0.75,8.0,8.0,48.0,CLOSET,P009
Closet lado ventana,Client 016,TUBO CROMADO METRO,2.0,90.0,180.0,180.0,0.0,FERRETERIA,TUBE,HARDWARE,,,,,,CLOSET,P009
Closet lado ventana,Client 016,TINTA NOGAL,2.0,220.0,440.0,440.0,0.0,TINTA,STAIN,FINISHING,,,,,,CLOSET,P009
Closet lado ventana,Client 016,FONDO SELLADOR,1.5,250.0,375.0,375.0,0.0,SOLVENTE,SEALER,FINISHING,,,,,,CLOSET,P009
Closet lado ventana,Client 016,BARNIZ,2.0,250.0,500.0,500.0,0.0,SOLVENTE,VARNISH,FINISHING,,,,,,CLOSET,P009
Closet lado ventana,Client 016,TINNHER,5.0,50.0,250.0,250.0,0.0,SOLVENTE,THINNER,FINISHING,,,,,,CLOSET,P009
Closet lado ventana,Client 016,LIJAS,10.0,20.0,200.0,200.0,0.0,LIJAS,SANDPAPER,FINISHING,,,,,,CLOSET,P009
Closet lado ventana,Client 016,RESANADOR,1.0,120.0,120.0,120.0,0.0,TERMINACION,WOOD_FILLER,FINISHING,,,,,,CLOSET,P009
Closet lado ventana,Client 016,PIJAS,4.0,50.0,200.0,200.0,0.0,FERRETERIA,TAPPING_SCREWS,HARDWARE,,,,,,CLOSET,P009
Closet lado ventana,Client 016,BRIDAS,4.0,10.0,40.0,40.0,0.0,FERRETERIA,FLANGES,HARDWARE,,,,,,CLOSET,P009
Closet lado ventana,Client 016,CORREDERA DE EXTENSION,12.0,60.0,720.0,720.0,0.0,FERRETERIA,DRAWER_SLIDE,HARDWARE,,,,,,CLOSET,P009
Closet lado ventana,Client 016,TAQUETES,1.0,30.0,30.0,30.0,0.0,FERRETERIA,WALL_PLUGS,HARDWARE,,,,,,CLOSET,P009
Closet lado ventana,Client 016,JALADERAS,12.0,25.0,300.0,300.0,0.0,FERRETERIA,PULL_HANDLES,HARDWARE,,,,,,CLOSET,P009
Closet lado ventana,Client 016,TAPACANTO,50.0,10.0,500.0,500.0,0.0,TERMINACION,EDGE_BANDING,FINISHING,,,,,,CLOSET,P009
Closet lado ventana,Client 016,LAMINADO SENCILLO,7.0,600.0,4200.0,4200.0,0.0,ENCHAPADOS,LAMINATE,RAW_MATERIAL,,,,,,CLOSET,P009
Closet lado ventana,Client 016,LAMINADO TEXTURIZADO,7.0,900.0,6300.0,6300.0,0.0,ENCHAPADOS,LAMINATE,RAW_MATERIAL,,,,,,CLOSET,P009
Closet lado ventana,Client 016,FLETE,1.0,600.0,600.0,600.0,0.0,OTRO,FREIGHT,SERVICE,,,,,,CLOSET,P009
Cajonera,Client 016,TRIPLAY 6MM,3.0,450.0,1350.0,1350.0,0.0,ENCHAPADOS,PLYWOOD,RAW_MATERIAL,,,,,,FURNITURE,P005
Cajonera,Client 016,TRIPLAY 6MM,3.0,450.0,1350.0,1350.0,0.0,ENCHAPADOS,PLYWOOD,RAW_MATERIAL,,,,,,FURNITURE,P006
Cajonera,Client 016,TRIPLAY 6MM,3.0,450.0,1350.0,1350.0,0.0,ENCHAPADOS,PLYWOOD,RAW_MATERIAL,,,,,,FURNITURE,P007
Cajonera,Client 016,TINTA NOGAL,1.0,220.0,220.0,220.0,0.0,TINTA,STAIN,FINISHING,,,,,,FURNITURE,P005
Cajonera,Client 016,TINTA NOGAL,1.0,220.0,220.0,220.0,0.0,TINTA,STAIN,FINISHING,,,,,,FURNITURE,P006
Cajonera,Client 016,TINTA NOGAL,1.0,220.0,220.0,220.0,0.0,TINTA,STAIN,FINISHING,,,,,,FURNITURE,P007
Cajonera,Client 016,FONDO SELLADOR,1.0,250.0,250.0,250.0,0.0,SOLVENTE,SEALER,FINISHING,,,,,,FURNITURE,P005
Cajonera,Client 016,FONDO SELLADOR,1.0,250.0,250.0,250.0,0.0,SOLVENTE,SEALER,FINISHING,,,,,,FURNITURE,P006
Cajonera,Client 016,FONDO SELLADOR,1.0,250.0,250.0,250.0,0.0,SOLVENTE,SEALER,FINISHING,,,,,,FURNITURE,P007
Cajonera,Client 016,BARNIZ,1.0,250.0,250.0,250.0,0.0,SOLVENTE,VARNISH,FINISHING,,,,,,FURNITURE,P005
Cajonera,Client 016,BARNIZ,1.0,250.0,250.0,250.0,0.0,SOLVENTE,VARNISH,FINISHING,,,,,,FURNITURE,P006
Cajonera,Client 016,BARNIZ,1.0,250.0,250.0,250.0,0.0,SOLVENTE,VARNISH,FINISHING,,,,,,FURNITURE,P007
Cajonera,Client 016,PIJAS,3.0,50.0,150.0,150.0,0.0,FERRETERIA,TAPPING_SCREWS,HARDWARE,,,,,,FURNITURE,P005
Cajonera,Client 016,PIJAS,3.0,50.0,150.0,150.0,0.0,FERRETERIA,TAPPING_SCREWS,HARDWARE,,,,,,FURNITURE,P006
Cajonera,Client 016,PIJAS,3.0,50.0,150.0,150.0,0.0,FERRETERIA,TAPPING_SCREWS,HARDWARE,,,,,,FURNITURE,P007
Cajonera,Client 016,CORREDERA DE EXTENSION,12.0,60.0,720.0,720.0,0.0,FERRETERIA,DRAWER_SLIDE,HARDWARE,,,,,,FURNITURE,P005
Cajonera,Client 016,CORREDERA DE EXTENSION,12.0,60.0,720.0,720.0,0.0,FERRETERIA,DRAWER_SLIDE,HARDWARE,,,,,,FURNITURE,P006
Cajonera,Client 016,CORREDERA DE EXTENSION,12.0,60.0,720.0,720.0,0.0,FERRETERIA,DRAWER_SLIDE,HARDWARE,,,,,,FURNITURE,P007
